Unnamed: 0,title,year,certificate,time,genre,rating,metascore,simple_desc,votes,directors,actors
0,"1.
The Shawshank Redemption
(1994)",(1994),R,142 min,Drama,9.3,"82        
        Metascore","Over the course of several years, two convicts form a friendship, seeking consolation and, eventually, redemption through basic compassion.","Votes:
2,717,378
| Gross:
$28.34M
| Top 250:
#1",Frank Darabont,"['Tim Robbins', 'Morgan Freeman']"
1,"2.
The Godfather
(1972)",(1972),R,175 min,"Crime, Drama",9.2,"100        
        Metascore",The aging patriarch of an organized crime dynasty in postwar New York City transfers control of his clandestine empire to his reluctant youngest son.,"Votes:
1,888,044
| Gross:
$134.97M
| Top 250:
#2",Francis Ford Coppola,"['Marlon Brando', 'Al Pacino']"
2,"3.
The Dark Knight
(2008)",(2008),PG-13,152 min,"Action, Crime, Drama",9.0,"84        
        Metascore","When the menace known as the Joker wreaks havoc and chaos on the people of Gotham, Batman must accept one of the greatest psychological and physical tests of his ability to fight injustice.","Votes:
2,690,032
| Gross:
$534.86M
| Top 250:
#3",Christopher Nolan,"['Christian Bale', 'Heath Ledger']"
3,"4.
The Lord of the Rings: The Return of the King
(2003)",(2003),PG-13,201 min,"Action, Adventure, Drama",9.0,"94        
        Metascore",Gandalf and Aragorn lead the World of Men against Sauron's army to draw his gaze from Frodo and Sam as they approach Mount Doom with the One Ring.,"Votes:
1,869,783
| Gross:
$377.85M
| Top 250:
#7",Peter Jackson,"['Elijah Wood', 'Viggo Mortensen']"
4,"5.
Schindler's List
(1993)",(1993),R,195 min,"Biography, Drama, History",9.0,"95        
        Metascore","In German-occupied Poland during World War II, industrialist Oskar Schindler gradually becomes concerned for his Jewish workforce after witnessing their persecution by the Nazis.","Votes:
1,372,620
| Gross:
$96.90M
| Top 250:
#6",Oskar Schindler,"['Steven Spielberg', 'Liam Neeson']"
5,"6.
The Godfather Part II
(1974)",(1974),R,202 min,"Crime, Drama",9.0,"90        
        Metascore","The early life and career of Vito Corleone in 1920s New York City is portrayed, while his son, Michael, expands and tightens his grip on the family crime syndicate.","Votes:
1,288,378
| Gross:
$57.30M
| Top 250:
#4",Francis Ford Coppola,"['Al Pacino', 'Robert De Niro']"
6,"7.
12 Angry Men
(1957)",(1957),Approved,96 min,"Crime, Drama",9.0,"97        
        Metascore",The jury in a New York City murder trial is frustrated by a single member whose skeptical caution forces them to more carefully consider the evidence before jumping to a hasty verdict.,"Votes:
803,015
| Gross:
$4.36M
| Top 250:
#5",Sidney Lumet,"['Henry Fonda', 'Lee J. Cobb']"
7,"8.
Pulp Fiction
(1994)",(1994),R,154 min,"Crime, Drama",8.9,"95        
        Metascore","The lives of two mob hitmen, a boxer, a gangster and his wife, and a pair of diner bandits intertwine in four tales of violence and redemption.","Votes:
2,086,661
| Gross:
$107.93M
| Top 250:
#8",Quentin Tarantino,"['John Travolta', 'Uma Thurman']"
8,"9.
The Lord of the Rings: The Fellowship of the Ring
(2001)",(2001),PG-13,178 min,"Action, Adventure, Drama",8.8,"92        
        Metascore",A meek Hobbit from the Shire and eight companions set out on a journey to destroy the powerful One Ring and save Middle-earth from the Dark Lord Sauron.,"Votes:
1,899,124
| Gross:
$315.54M
| Top 250:
#9",Peter Jackson,"['Elijah Wood', 'Ian McKellen']"
9,"10.
Fight Club
(1999)",(1999),R,139 min,Drama,8.8,"66        
        Metascore",An insomniac office worker and a devil-may-care soap maker form an underground fight club that evolves into much more.,"Votes:
2,160,886
| Gross:
$37.03M
| Top 250:
#12",David Fincher,"['Brad Pitt', 'Edward Norton']"
10,"11.
Inception
(2010)",(2010),PG-13,148 min,"Action, Adventure, Sci-Fi",8.8,"74        
        Metascore","A thief who steals corporate secrets through the use of dream-sharing technology is given the inverse task of planting an idea into the mind of a C.E.O., but his tragic past may doom the project and his team to disaster.","Votes:
2,387,379
| Gross:
$292.58M
| Top 250:
#14",Christopher Nolan,"['Leonardo DiCaprio', 'Joseph Gordon-Levitt']"
11,"12.
Forrest Gump
(1994)",(1994),PG-13,142 min,"Drama, Romance",8.8,"82        
        Metascore","The presidencies of Kennedy and Johnson, the Vietnam War, the Watergate scandal and other historical events unfold from the perspective of an Alabama man with an IQ of 75, whose only desire is to be reunited with his childhood sweetheart.","Votes:
2,112,298
| Gross:
$330.25M
| Top 250:
#11",Robert Zemeckis,"['Tom Hanks', 'Robin Wright']"
12,"13.
The Lord of the Rings: The Two Towers
(2002)",(2002),PG-13,179 min,"Action, Adventure, Drama",8.8,"87        
        Metascore","While Frodo and Sam edge closer to Mordor with the help of the shifty Gollum, the divided fellowship makes a stand against Sauron's new ally, Saruman, and his hordes of Isengard.","Votes:
1,688,084
| Gross:
$342.55M
| Top 250:
#13",Peter Jackson,"['Elijah Wood', 'Ian McKellen']"
13,"14.
The Good, the Bad and the Ugly
(1966)",(1966),Approved,178 min,"Adventure, Western",8.8,"90        
        Metascore",A bounty hunting scam joins two men in an uneasy alliance against a third in a race to find a fortune in gold buried in a remote cemetery.,"Votes:
770,767
| Gross:
$6.10M
| Top 250:
#10",Sergio Leone,"['Clint Eastwood', 'Eli Wallach']"
14,"16.
Goodfellas
(1990)",(1990),R,145 min,"Biography, Crime, Drama",8.7,"91        
        Metascore","The story of Henry Hill and his life in the mob, covering his relationship with his wife Karen Hill and his mob partners Jimmy Conway and Tommy DeVito in the Italian-American crime syndicate.","Votes:
1,178,728
| Gross:
$46.84M
| Top 250:
#17",Henry Hill,"['Martin Scorsese', 'Robert De Niro']"
15,"17.
The Matrix
(1999)",(1999),R,136 min,"Action, Sci-Fi",8.7,"73        
        Metascore","When a beautiful stranger leads computer hacker Neo to a forbidding underworld, he discovers the shocking truth--the life he knows is the elaborate deception of an evil cyber-intelligence.","Votes:
1,937,986
| Gross:
$171.48M
| Top 250:
#16",Lana Wachowski,"['Lilly Wachowski', 'Keanu Reeves']"
16,"18.
One Flew Over the Cuckoo's Nest
(1975)",(1975),R,133 min,Drama,8.7,"84        
        Metascore","In the Fall of 1963, a Korean War veteran and criminal pleads insanity and is admitted to a mental institution, where he rallies up the scared patients against the tyrannical nurse.","Votes:
1,019,561
| Gross:
$112.00M
| Top 250:
#18",Milos Forman,"['Jack Nicholson', 'Louise Fletcher']"
17,"19.
Star Wars: Episode V - The Empire Strikes Back
(1980)",(1980),PG,124 min,"Action, Adventure, Fantasy",8.7,"82        
        Metascore","After the Rebels are overpowered by the Empire, Luke Skywalker begins Jedi training with Yoda, while his friends are pursued across the galaxy by Darth Vader and bounty hunter Boba Fett.","Votes:
1,308,382
| Gross:
$290.48M
| Top 250:
#15",Irvin Kershner,"['Mark Hamill', 'Harrison Ford']"
18,"20.
Interstellar
(2014)",(2014),PG-13,169 min,"Adventure, Drama, Sci-Fi",8.6,"74        
        Metascore",A team of explorers travel through a wormhole in space in an attempt to ensure humanity's survival.,"Votes:
1,877,488
| Gross:
$188.02M
| Top 250:
#25",Christopher Nolan,"['Matthew McConaughey', 'Anne Hathaway']"
19,"21.
The Silence of the Lambs
(1991)",(1991),R,118 min,"Crime, Drama, Thriller",8.6,"86        
        Metascore","A young F.B.I. cadet must receive the help of an incarcerated and manipulative cannibal killer to help catch another serial killer, a madman who skins his victims.","Votes:
1,452,756
| Gross:
$130.74M
| Top 250:
#22",Jonathan Demme,"['Jodie Foster', 'Anthony Hopkins']"
20,"22.
Saving Private Ryan
(1998)",(1998),R,169 min,"Drama, War",8.6,"91        
        Metascore","Following the Normandy Landings, a group of U.S. soldiers go behind enemy lines to retrieve a paratrooper whose brothers have been killed in action.","Votes:
1,410,184
| Gross:
$216.54M
| Top 250:
#23",Steven Spielberg,"['Tom Hanks', 'Matt Damon']"
21,"23.
Se7en
(1995)",(1995),R,127 min,"Crime, Drama, Mystery",8.6,"65        
        Metascore","Two detectives, a rookie and a veteran, hunt a serial killer who uses the seven deadly sins as his motives.","Votes:
1,678,222
| Gross:
$100.13M
| Top 250:
#19",David Fincher,"['Morgan Freeman', 'Brad Pitt']"
22,"24.
The Green Mile
(1999)",(1999),R,189 min,"Crime, Drama, Fantasy",8.6,"61        
        Metascore","The lives of guards on Death Row are affected by one of their charges: a black man accused of child murder and rape, yet who has a mysterious gift.","Votes:
1,320,856
| Gross:
$136.80M
| Top 250:
#27",Frank Darabont,"['Tom Hanks', 'Michael Clarke Duncan']"
23,"25.
Star Wars
(1977)",(1977),PG,121 min,"Action, Adventure, Fantasy",8.6,"90        
        Metascore","Luke Skywalker joins forces with a Jedi Knight, a cocky pilot, a Wookiee and two droids to save the galaxy from the Empire's world-destroying battle station, while also attempting to rescue Princess Leia from the mysterious Darth Vader.","Votes:
1,380,778
| Gross:
$322.74M
| Top 250:
#28",George Lucas,"['Mark Hamill', 'Harrison Ford']"
24,"26.
Terminator 2: Judgment Day
(1991)",(1991),R,137 min,"Action, Sci-Fi",8.6,"75        
        Metascore","A cyborg, identical to the one who failed to kill Sarah Connor, must now protect her 10-year old son John from an even more advanced and powerful cyborg.","Votes:
1,113,076
| Gross:
$204.84M
| Top 250:
#29",James Cameron,"['Arnold Schwarzenegger', 'Linda Hamilton']"
25,"27.
Spirited Away
(2001)",(2001),PG,125 min,"Animation, Adventure, Family",8.6,"96        
        Metascore","During her family's move to the suburbs, a sullen 10-year-old girl wanders into a world ruled by gods, witches, and spirits, and where humans are changed into beasts.","Votes:
778,517
| Gross:
$10.06M
| Top 250:
#31",Hayao Miyazaki,"['Daveigh Chase', 'Suzanne Pleshette']"
26,"28.
City of God
(2002)",(2002),R,130 min,"Crime, Drama",8.6,"79        
        Metascore","In the slums of Rio, two kids' paths diverge as one struggles to become a photographer and the other a kingpin.","Votes:
765,004
| Gross:
$7.56M
| Top 250:
#24",Fernando Meirelles,"['Kátia Lund', 'Alexandre Rodrigues']"
27,"29.
Life Is Beautiful
(1997)",(1997),PG-13,116 min,"Comedy, Drama, Romance",8.6,"59        
        Metascore","When an open-minded Jewish waiter and his son become victims of the Holocaust, he uses a perfect mixture of will, humor, and imagination to protect his son from the dangers around their camp.","Votes:
704,885
| Gross:
$57.60M
| Top 250:
#26",Roberto Benigni,"['Roberto Benigni', 'Nicoletta Braschi']"
28,"30.
It's a Wonderful Life
(1946)",(1946),PG,130 min,"Drama, Family, Fantasy",8.6,"89        
        Metascore",An angel is sent from Heaven to help a desperately frustrated businessman by showing him what life would have been like if he had never existed.,"Votes:
468,496
| Top 250:
#21",Frank Capra,"['James Stewart', 'Donna Reed']"
29,"31.
Seven Samurai
(1954)",(1954),Not Rated,207 min,"Action, Drama",8.6,"98        
        Metascore","Farmers from a village exploited by bandits hire a veteran samurai for protection, who gathers six other samurai to join him.","Votes:
350,063
| Gross:
$0.27M
| Top 250:
#20",Akira Kurosawa,"['Toshirô Mifune', 'Takashi Shimura']"
30,"32.
Harakiri
(1962)",(1962),Not Rated,133 min,"Action, Drama, Mystery",8.6,"85        
        Metascore","When a ronin requesting seppuku at a feudal lord's palace is told of the brutal suicide of another ronin who previously visited, he reveals how their pasts are intertwined - and in doing so challenges the clan's integrity.","Votes:
59,621
| Top 250:
#45",Masaki Kobayashi,"['Tatsuya Nakadai', 'Akira Ishihama']"
31,"33.
Parasite
(2019)",(2019),R,132 min,"Drama, Thriller",8.5,"96        
        Metascore",Greed and class discrimination threaten the newly formed symbiotic relationship between the wealthy Park family and the destitute Kim clan.,"Votes:
833,803
| Gross:
$53.37M
| Top 250:
#34",Bong Joon Ho,"['Song Kang-ho', 'Lee Sun-kyun']"
32,"34.
The Departed
(2006)",(2006),R,151 min,"Crime, Drama, Thriller",8.5,"85        
        Metascore",An undercover cop and a mole in the police attempt to identify each other while infiltrating an Irish gang in South Boston.,"Votes:
1,343,011
| Gross:
$132.38M
| Top 250:
#39",Martin Scorsese,"['Leonardo DiCaprio', 'Matt Damon']"
33,"35.
Whiplash
(2014)",(2014),R,106 min,"Drama, Music",8.5,"89        
        Metascore",A promising young drummer enrolls at a cut-throat music conservatory where his dreams of greatness are mentored by an instructor who will stop at nothing to realize a student's potential.,"Votes:
887,685
| Gross:
$13.09M
| Top 250:
#42",Damien Chazelle,"['Miles Teller', 'J.K. Simmons']"
34,"36.
Gladiator
(2000)",(2000),R,155 min,"Action, Adventure, Drama",8.5,"67        
        Metascore",A former Roman General sets out to exact vengeance against the corrupt emperor who murdered his family and sent him into slavery.,"Votes:
1,520,461
| Gross:
$187.71M
| Top 250:
#37",Ridley Scott,"['Russell Crowe', 'Joaquin Phoenix']"
35,"37.
Back to the Future
(1985)",(1985),PG,116 min,"Adventure, Comedy, Sci-Fi",8.5,"87        
        Metascore","Marty McFly, a 17-year-old high school student, is accidentally sent 30 years into the past in a time-traveling DeLorean invented by his close friend, the maverick scientist Doc Brown.","Votes:
1,224,344
| Gross:
$210.61M
| Top 250:
#30",Robert Zemeckis,"['Michael J. Fox', 'Christopher Lloyd']"
36,"38.
The Prestige
(2006)",(2006),PG-13,130 min,"Drama, Mystery, Sci-Fi",8.5,"66        
        Metascore","After a tragic accident, two stage magicians in 1890s London engage in a battle to create the ultimate illusion while sacrificing everything they have to outwit each other.","Votes:
1,351,161
| Gross:
$53.09M
| Top 250:
#40",Christopher Nolan,"['Christian Bale', 'Hugh Jackman']"
37,"39.
Alien
(1979)",(1979),R,117 min,"Horror, Sci-Fi",8.5,"89        
        Metascore",The crew of a commercial spacecraft encounter a deadly lifeform after investigating an unknown transmission.,"Votes:
894,771
| Gross:
$78.90M
| Top 250:
#51",Ridley Scott,"['Sigourney Weaver', 'Tom Skerritt']"
38,"40.
Léon: The Professional
(1994)",(1994),R,110 min,"Action, Crime, Drama",8.5,"64        
        Metascore","12-year-old Mathilda is reluctantly taken in by Léon, a professional assassin, after her family is murdered. An unusual relationship forms as she becomes his protégée and learns the assassin's trade.","Votes:
1,177,523
| Gross:
$19.50M
| Top 250:
#35",Luc Besson,"['Jean Reno', 'Gary Oldman']"
39,"41.
The Lion King
(1994)",(1994),G,88 min,"Animation, Adventure, Drama",8.5,"88        
        Metascore","Lion prince Simba and his father are targeted by his bitter uncle, who wants to ascend the throne himself.","Votes:
1,073,707
| Gross:
$422.78M
| Top 250:
#36",Roger Allers,"['Rob Minkoff', 'Matthew Broderick']"
40,"42.
Apocalypse Now
(1979)",(1979),R,147 min,"Drama, Mystery, War",8.5,"94        
        Metascore",A U.S. Army officer serving in Vietnam is tasked with assassinating a renegade Special Forces Colonel who sees himself as a god.,"Votes:
676,574
| Gross:
$83.47M
| Top 250:
#53",Francis Ford Coppola,"['Martin Sheen', 'Marlon Brando']"
41,"43.
Psycho
(1960)",(1960),R,109 min,"Horror, Mystery, Thriller",8.5,"97        
        Metascore","A Phoenix secretary embezzles $40,000 from her employer's client, goes on the run and checks into a remote motel run by a young man under the domination of his mother.","Votes:
680,702
| Gross:
$32.00M
| Top 250:
#33",Alfred Hitchcock,"['Anthony Perkins', 'Janet Leigh']"
42,"44.
The Usual Suspects
(1995)",(1995),R,106 min,"Crime, Drama, Mystery",8.5,"77        
        Metascore","A sole survivor tells of the twisty events leading up to a horrific gun battle on a boat, which began when five criminals met at a seemingly random police lineup.","Votes:
1,096,727
| Gross:
$23.34M
| Top 250:
#41",Bryan Singer,"['Kevin Spacey', 'Gabriel Byrne']"
43,"45.
Casablanca
(1942)",(1942),PG,102 min,"Drama, Romance, War",8.5,"100        
        Metascore",A cynical expatriate American cafe owner struggles to decide whether or not to help his former lover and her fugitive husband escape the Nazis in French Morocco.,"Votes:
578,933
| Gross:
$1.02M
| Top 250:
#43",Michael Curtiz,"['Humphrey Bogart', 'Ingrid Bergman']"
44,"46.
The Pianist
(2002)",(2002),R,150 min,"Biography, Drama, Music",8.5,"85        
        Metascore",A Polish Jewish musician struggles to survive the destruction of the Warsaw ghetto of World War II.,"Votes:
845,744
| Gross:
$32.57M
| Top 250:
#32",Roman Polanski,"['Adrien Brody', 'Thomas Kretschmann']"
45,"47.
American History X
(1998)",(1998),R,119 min,"Crime, Drama",8.5,"62        
        Metascore",A former neo-nazi skinhead tries to prevent his younger brother from going down the same wrong path that he did.,"Votes:
1,134,803
| Gross:
$6.72M
| Top 250:
#38",Tony Kaye,"['Edward Norton', 'Edward Furlong']"
46,"48.
The Intouchables
(2011)",(2011),R,112 min,"Biography, Comedy, Drama",8.5,"57        
        Metascore","After he becomes a quadriplegic from a paragliding accident, an aristocrat hires a young man from the projects to be his caregiver.","Votes:
872,461
| Gross:
$13.18M
| Top 250:
#46",Olivier Nakache,"['Éric Toledano', 'François Cluzet']"
47,"49.
Once Upon a Time in the West
(1968)",(1968),PG-13,165 min,Western,8.5,"82        
        Metascore",A mysterious stranger with a harmonica joins forces with a notorious desperado to protect a beautiful widow from a ruthless assassin working for the railroad.,"Votes:
334,355
| Gross:
$5.32M
| Top 250:
#48",Sergio Leone,"['Henry Fonda', 'Charles Bronson']"
48,"50.
Grave of the Fireflies
(1988)",(1988),Not Rated,89 min,"Animation, Drama, War",8.5,"94        
        Metascore",A young boy and his little sister struggle to survive in Japan during World War II.,"Votes:
283,321
| Top 250:
#44",Isao Takahata,"['Tsutomu Tatsumi', 'Ayano Shiraishi']"
0,"51.
Rear Window
(1954)",(1954),PG,112 min,"Mystery, Thriller",8.5,"100        
        Metascore","A wheelchair-bound photographer spies on his neighbors from his Greenwich Village courtyard apartment window, and becomes convinced one of them has committed murder, despite the skepticism of his fashion-model girlfriend.","Votes:
497,968
| Gross:
$36.76M
| Top 250:
#50",Alfred Hitchcock,"['James Stewart', 'Grace Kelly']"
1,"52.
Cinema Paradiso
(1988)",(1988),R,155 min,"Drama, Romance",8.5,"80        
        Metascore",A filmmaker recalls his childhood when falling in love with the pictures at the cinema of his home village and forms a deep friendship with the cinema's projectionist.,"Votes:
265,600
| Gross:
$11.99M
| Top 250:
#49",Giuseppe Tornatore,"['Philippe Noiret', 'Enzo Cannavale']"
2,"53.
Modern Times
(1936)",(1936),G,87 min,"Comedy, Drama, Romance",8.5,"96        
        Metascore",The Tramp struggles to live in modern industrial society with the help of a young homeless woman.,"Votes:
246,138
| Gross:
$0.16M
| Top 250:
#47",Charles Chaplin,"['Charles Chaplin', 'Paulette Goddard']"
3,"54.
City Lights
(1931)",(1931),G,87 min,"Comedy, Drama, Romance",8.5,"99        
        Metascore","With the aid of a wealthy erratic tippler, a dewy-eyed tramp who has fallen in love with a sightless flower girl accumulates money to be able to help her medically.","Votes:
187,165
| Gross:
$0.02M
| Top 250:
#52",Charles Chaplin,"['Charles Chaplin', 'Virginia Cherrill']"
4,"55.
Raiders of the Lost Ark
(1981)",(1981),PG,115 min,"Action, Adventure",8.4,"85        
        Metascore","In 1936, archaeologist and adventurer Indiana Jones is hired by the U.S. government to find the Ark of the Covenant before the Nazis can obtain its awesome powers.","Votes:
978,222
| Gross:
$248.16M
| Top 250:
#56",Steven Spielberg,"['Harrison Ford', 'Karen Allen']"
5,"56.
Avengers: Endgame
(2019)",(2019),PG-13,181 min,"Action, Adventure, Drama",8.4,"78        
        Metascore","After the devastating events of Avengers: Infinity War (2018), the universe is in ruins. With the help of remaining allies, the Avengers assemble once more in order to reverse Thanos' actions and restore balance to the universe.","Votes:
1,159,716
| Gross:
$858.37M
| Top 250:
#78",Anthony Russo,"['Joe Russo', 'Robert Downey Jr.']"
6,"57.
Joker
(I) (2019)",(I) (2019),R,122 min,"Crime, Drama, Thriller",8.4,"59        
        Metascore","The rise of Arthur Fleck, from aspiring stand-up comedian and pariah to Gotham's clown prince and leader of the revolution.","Votes:
1,326,823
| Gross:
$335.45M
| Top 250:
#75",Todd Phillips,"['Joaquin Phoenix', 'Robert De Niro']"
7,"58.
American Beauty
(1999)",(1999),R,122 min,Drama,8.4,"84        
        Metascore",A sexually frustrated suburban father has a mid-life crisis after becoming infatuated with his daughter's best friend.,"Votes:
1,166,026
| Gross:
$130.10M
| Top 250:
#67",Sam Mendes,"['Kevin Spacey', 'Annette Bening']"
8,"59.
Django Unchained
(2012)",(2012),R,165 min,"Drama, Western",8.4,"81        
        Metascore","With the help of a German bounty-hunter, a freed slave sets out to rescue his wife from a brutal plantation owner in Mississippi.","Votes:
1,580,840
| Gross:
$162.81M
| Top 250:
#55",Quentin Tarantino,"['Jamie Foxx', 'Christoph Waltz']"
9,"60.
Braveheart
(1995)",(1995),R,178 min,"Biography, Drama, History",8.4,"68        
        Metascore",Scottish warrior William Wallace leads his countrymen in a rebellion to free his homeland from the tyranny of King Edward I of England.,"Votes:
1,048,548
| Gross:
$75.60M
| Top 250:
#76",Mel Gibson,"['Mel Gibson', 'Sophie Marceau']"
10,"61.
The Dark Knight Rises
(2012)",(2012),PG-13,164 min,"Action, Drama, Thriller",8.4,"78        
        Metascore","Eight years after the Joker's reign of chaos, Batman is coerced out of exile with the assistance of the mysterious Selina Kyle in order to defend Gotham City from the vicious guerrilla terrorist Bane.","Votes:
1,726,040
| Gross:
$448.14M
| Top 250:
#69",Christopher Nolan,"['Christian Bale', 'Tom Hardy']"
11,"62.
Avengers: Infinity War
(2018)",(2018),PG-13,149 min,"Action, Adventure, Sci-Fi",8.4,"68        
        Metascore",The Avengers and their allies must be willing to sacrifice all in an attempt to defeat the powerful Thanos before his blitz of devastation and ruin puts an end to the universe.,"Votes:
1,105,069
| Gross:
$678.82M
| Top 250:
#63",Anthony Russo,"['Joe Russo', 'Robert Downey Jr.']"
12,"63.
The Shining
(1980)",(1980),R,146 min,"Drama, Horror",8.4,"66        
        Metascore","A family heads to an isolated hotel for the winter where a sinister presence influences the father into violence, while his psychic son sees horrific forebodings from both past and future.","Votes:
1,037,930
| Gross:
$44.02M
| Top 250:
#61",Stanley Kubrick,"['Jack Nicholson', 'Shelley Duvall']"
13,"64.
Oldboy
(2003)",(2003),R,120 min,"Action, Drama, Mystery",8.4,"77        
        Metascore","After being kidnapped and imprisoned for fifteen years, Oh Dae-Su is released, only to find that he must find his captor in five days.","Votes:
589,486
| Gross:
$0.71M
| Top 250:
#70",Park Chan-wook,"['Choi Min-sik', 'Yoo Ji-tae']"
14,"65.
Spider-Man: Into the Spider-Verse
(2018)",(2018),PG,117 min,"Animation, Action, Adventure",8.4,"87        
        Metascore","Teen Miles Morales becomes the Spider-Man of his universe, and must join with five spider-powered individuals from other dimensions to stop a threat for all realities.","Votes:
548,354
| Gross:
$190.24M
| Top 250:
#66",Bob Persichetti,"['Peter Ramsey', 'Rodney Rothman']"
15,"67.
Aliens
(1986)",(1986),R,137 min,"Action, Adventure, Sci-Fi",8.4,"84        
        Metascore","Decades after surviving the Nostromo incident, Ellen Ripley is sent out to re-establish contact with a terraforming colony, but finds herself battling the Alien Queen and her offspring.","Votes:
726,648
| Gross:
$85.16M
| Top 250:
#65",James Cameron,"['Sigourney Weaver', 'Michael Biehn']"
16,"68.
Memento
(2000)",(2000),R,113 min,"Mystery, Thriller",8.4,"81        
        Metascore",A man with short-term memory loss attempts to track down his wife's murderer.,"Votes:
1,253,233
| Gross:
$25.54M
| Top 250:
#54",Christopher Nolan,"['Guy Pearce', 'Carrie-Anne Moss']"
17,"69.
Coco
(I) (2017)",(I) (2017),PG,105 min,"Animation, Adventure, Comedy",8.4,"81        
        Metascore","Aspiring musician Miguel, confronted with his family's ancestral ban on music, enters the Land of the Dead to find his great-great-grandfather, a legendary singer.","Votes:
523,652
| Gross:
$209.73M
| Top 250:
#73",Lee Unkrich,"['Adrian Molina', 'Anthony Gonzalez']"
18,"70.
Your Name.
(2016)",(2016),PG,106 min,"Animation, Drama, Fantasy",8.4,"79        
        Metascore","Two strangers find themselves linked in a bizarre way. When a connection forms, will distance be the only thing to keep them apart?","Votes:
278,355
| Gross:
$5.02M
| Top 250:
#82",Makoto Shinkai,"['Ryunosuke Kamiki', 'Mone Kamishiraishi']"
19,"71.
Hamilton
(2020)",(2020),PG-13,160 min,"Biography, Drama, History",8.4,"89        
        Metascore","The real life of one of America's foremost founding fathers and first Secretary of the Treasury, Alexander Hamilton. Captured live on Broadway from the Richard Rodgers Theater with the original Broadway cast.","Votes:
98,977
| Top 250:
#107",Thomas Kail,"['Lin-Manuel Miranda', 'Phillipa Soo']"
20,"72.
Amadeus
(1984)",(1984),R,160 min,"Biography, Drama, Music",8.4,"88        
        Metascore","The life, success and troubles of Wolfgang Amadeus Mozart, as told by Antonio Salieri, the contemporaneous composer who was deeply jealous of Mozart's talent and claimed to have murdered him.","Votes:
406,591
| Gross:
$51.97M
| Top 250:
#72",Wolfgang Amadeus Mozart,"['Antonio Salieri', 'Milos Forman']"
21,"73.
WALL·E
(2008)",(2008),G,98 min,"Animation, Adventure, Family",8.4,"95        
        Metascore","In the distant future, a small waste-collecting robot inadvertently embarks on a space journey that will ultimately decide the fate of mankind.","Votes:
1,131,449
| Gross:
$223.81M
| Top 250:
#57",Andrew Stanton,"['Ben Burtt', 'Elissa Knight']"
22,"74.
3 Idiots
(2009)",(2009),PG-13,170 min,"Comedy, Drama",8.4,"67        
        Metascore","Two friends are searching for their long lost companion. They revisit their college days and recall the memories of their friend who inspired them to think differently, even as the rest of the world called them ""idiots"".","Votes:
406,901
| Gross:
$6.53M
| Top 250:
#84",Rajkumar Hirani,"['Aamir Khan', 'Madhavan']"
23,"75.
The Lives of Others
(2006)",(2006),R,137 min,"Drama, Mystery, Thriller",8.4,"89        
        Metascore","In 1984 East Berlin, an agent of the secret police, conducting surveillance on a writer and his lover, finds himself becoming increasingly absorbed by their lives.","Votes:
393,949
| Gross:
$11.29M
| Top 250:
#58",Florian Henckel von Donnersmarck,"['Ulrich Mühe', 'Martina Gedeck']"
24,"76.
Dr. Strangelove or: How I Learned to Stop Worrying and Love the Bomb
(1964)",(1964),PG,95 min,"Comedy, War",8.4,"97        
        Metascore","An insane American general orders a bombing attack on the Soviet Union, triggering a path to nuclear holocaust that a war room full of politicians and generals frantically tries to stop.","Votes:
496,644
| Gross:
$0.28M
| Top 250:
#68",Stanley Kubrick,"['Peter Sellers', 'George C. Scott']"
25,"77.
Capernaum
(2018)",(2018),R,126 min,Drama,8.4,"75        
        Metascore","While serving a five-year sentence for a violent crime, a 12-year-old boy sues his parents for neglect.","Votes:
93,221
| Gross:
$1.66M
| Top 250:
#88",Nadine Labaki,"['Zain Al Rafeea', 'Yordanos Shiferaw']"
26,"78.
Das Boot
(1981)",(1981),R,149 min,"Drama, War",8.4,"86        
        Metascore",A German U-boat stalks the frigid waters of the North Atlantic as its young crew experience the sheer terror and claustrophobic life of a submariner in World War II.,"Votes:
253,892
| Gross:
$11.49M
| Top 250:
#77",Wolfgang Petersen,"['Jürgen Prochnow', 'Herbert Grönemeyer']"
27,"79.
Sunset Blvd.
(1950)",(1950),Passed,110 min,"Drama, Film-Noir",8.4,"94        
        Metascore",A screenwriter develops a dangerous relationship with a faded film star determined to make a triumphant return.,"Votes:
225,056
| Top 250:
#59",Billy Wilder,"['William Holden', 'Gloria Swanson']"
28,"80.
Paths of Glory
(1957)",(1957),Approved,88 min,"Drama, War",8.4,"90        
        Metascore","After refusing to attack an enemy position, a general accuses the soldiers of cowardice and their commanding officer must defend them.","Votes:
200,545
| Top 250:
#60",Stanley Kubrick,"['Kirk Douglas', 'Ralph Meeker']"
29,"81.
Witness for the Prosecution
(1957)",(1957),Approved,116 min,"Crime, Drama, Mystery",8.4,"76        
        Metascore",A veteran British barrister must defend his client in a murder trial that has surprise after surprise.,"Votes:
127,973
| Gross:
$8.18M
| Top 250:
#64",Billy Wilder,"['Tyrone Power', 'Marlene Dietrich']"
30,"83.
High and Low
(1963)",(1963),Not Rated,143 min,"Crime, Drama, Mystery",8.4,"90        
        Metascore",An executive of a Yokohama shoe company becomes a victim of extortion when his chauffeur's son is kidnapped by mistake and held for ransom.,"Votes:
46,904
| Top 250:
#86",Akira Kurosawa,"['Toshirô Mifune', 'Yutaka Sada']"
31,"84.
Top Gun: Maverick
(2022)",(2022),PG-13,130 min,"Action, Drama",8.3,"78        
        Metascore","After thirty years, Maverick is still pushing the envelope as a top naval aviator, but must confront ghosts of his past when he leads TOP GUN's elite graduates on a mission that demands the ultimate sacrifice from those chosen to fly it.","Votes:
552,354
| Gross:
$718.73M
| Top 250:
#118",Joseph Kosinski,"['Tom Cruise', 'Jennifer Connelly']"
32,"85.
Good Will Hunting
(1997)",(1997),R,126 min,"Drama, Romance",8.3,"70        
        Metascore","Will Hunting, a janitor at M.I.T., has a gift for mathematics, but needs help from a psychologist to find direction in his life.","Votes:
990,513
| Gross:
$138.43M
| Top 250:
#81",Gus Van Sant,"['Robin Williams', 'Matt Damon']"
33,"86.
The Sting
(1973)",(1973),PG,129 min,"Comedy, Crime, Drama",8.3,"83        
        Metascore",Two grifters team up to pull off the ultimate con.,"Votes:
267,416
| Gross:
$159.60M
| Top 250:
#112",George Roy Hill,"['Paul Newman', 'Robert Redford']"
34,"87.
Inglourious Basterds
(2009)",(2009),R,153 min,"Adventure, Drama, War",8.3,"69        
        Metascore","In Nazi-occupied France during World War II, a plan to assassinate Nazi leaders by a group of Jewish U.S. soldiers coincides with a theatre owner's vengeful plans for the same.","Votes:
1,474,408
| Gross:
$120.54M
| Top 250:
#71",Quentin Tarantino,"['Brad Pitt', 'Diane Kruger']"
35,"88.
Requiem for a Dream
(2000)",(2000),R,102 min,Drama,8.3,"71        
        Metascore",The drug-induced utopias of four Coney Island people are shattered when their addictions run deep.,"Votes:
854,180
| Gross:
$3.64M
| Top 250:
#85",Darren Aronofsky,"['Ellen Burstyn', 'Jared Leto']"
36,"89.
Heat
(1995)",(1995),R,170 min,"Action, Crime, Drama",8.3,"76        
        Metascore",A group of high-end professional thieves start to feel the heat from the LAPD when they unknowingly leave a clue at their latest heist.,"Votes:
666,439
| Gross:
$67.44M
| Top 250:
#109",Michael Mann,"['Al Pacino', 'Robert De Niro']"
37,"90.
Eternal Sunshine of the Spotless Mind
(2004)",(2004),R,108 min,"Drama, Romance, Sci-Fi",8.3,"89        
        Metascore","When their relationship turns sour, a couple undergoes a medical procedure to have each other erased from their memories for ever.","Votes:
1,022,211
| Gross:
$34.40M
| Top 250:
#90",Michel Gondry,"['Jim Carrey', 'Kate Winslet']"
38,"91.
2001: A Space Odyssey
(1968)",(1968),G,149 min,"Adventure, Sci-Fi",8.3,"84        
        Metascore","After uncovering a mysterious artifact buried beneath the Lunar surface, a spacecraft is sent to Jupiter to find its origins - a spacecraft manned by two men and the supercomputer H.A.L. 9000.","Votes:
678,699
| Gross:
$56.95M
| Top 250:
#91",Stanley Kubrick,"['Keir Dullea', 'Gary Lockwood']"
39,"92.
A Clockwork Orange
(1971)",(1971),R,136 min,"Crime, Sci-Fi",8.3,"77        
        Metascore","In the future, a sadistic gang leader is imprisoned and volunteers for a conduct-aversion experiment, but it doesn't go as planned.","Votes:
840,648
| Gross:
$6.21M
| Top 250:
#103",Stanley Kubrick,"['Malcolm McDowell', 'Patrick Magee']"
40,"93.
Scarface
(1983)",(1983),R,170 min,"Crime, Drama",8.3,"65        
        Metascore","In 1980 Miami, a determined Cuban immigrant takes over a drug cartel and succumbs to greed.","Votes:
855,831
| Gross:
$45.60M
| Top 250:
#106",Brian De Palma,"['Al Pacino', 'Michelle Pfeiffer']"
41,"94.
Reservoir Dogs
(1992)",(1992),R,99 min,"Crime, Thriller",8.3,"81        
        Metascore","When a simple jewelry heist goes horribly wrong, the surviving criminals begin to suspect that one of them is a police informant.","Votes:
1,033,174
| Gross:
$2.83M
| Top 250:
#93",Quentin Tarantino,"['Harvey Keitel', 'Tim Roth']"
42,"95.
Once Upon a Time in America
(1984)",(1984),R,229 min,"Crime, Drama",8.3,"75        
        Metascore","A former Prohibition-era Jewish gangster returns to the Lower East Side of Manhattan 35 years later, where he must once again confront the ghosts and regrets of his old life.","Votes:
357,107
| Gross:
$5.32M
| Top 250:
#80",Sergio Leone,"['Robert De Niro', 'James Woods']"
43,"96.
The Hunt
(2012)",(2012),R,115 min,Drama,8.3,"77        
        Metascore","A teacher lives a lonely life, all the while struggling over his son's custody. His life slowly gets better as he finds love and receives good news from his son, but his new luck is about to be brutally shattered by an innocent little lie.","Votes:
337,117
| Gross:
$0.69M
| Top 250:
#94",Thomas Vinterberg,"['Mads Mikkelsen', 'Thomas Bo Larsen']"
44,"97.
Full Metal Jacket
(1987)",(1987),R,116 min,"Drama, War",8.3,"78        
        Metascore",A pragmatic U.S. Marine observes the dehumanizing effects the Vietnam War has on his fellow recruits from their brutal boot camp training to the bloody street fighting in Hue.,"Votes:
752,083
| Gross:
$46.36M
| Top 250:
#105",Stanley Kubrick,"['Matthew Modine', 'R. Lee Ermey']"
45,"98.
Toy Story
(1995)",(1995),G,81 min,"Animation, Adventure, Comedy",8.3,"96        
        Metascore",A cowboy doll is profoundly threatened and jealous when a new spaceman action figure supplants him as top toy in a boy's bedroom.,"Votes:
1,007,750
| Gross:
$191.80M
| Top 250:
#74",John Lasseter,"['Tom Hanks', 'Tim Allen']"
46,"99.
Star Wars: Episode VI - Return of the Jedi
(1983)",(1983),PG,131 min,"Action, Adventure, Fantasy",8.3,"58        
        Metascore","After rescuing Han Solo from Jabba the Hutt, the Rebels attempt to destroy the second Death Star, while Luke struggles to help Darth Vader back from the dark side.","Votes:
1,067,111
| Gross:
$309.13M
| Top 250:
#89",Richard Marquand,"['Mark Hamill', 'Harrison Ford']"
47,"100.
Lawrence of Arabia
(1962)",(1962),Approved,218 min,"Adventure, Biography, Drama",8.3,"100        
        Metascore","The story of T.E. Lawrence, the English officer who successfully united and led the diverse, often warring, Arab tribes during World War I in order to fight the Turks.","Votes:
298,521
| Gross:
$44.82M
| Top 250:
#97",T.E. Lawrence,"['David Lean', ""Peter O'Toole""]"
0,"101.
Up
(2009)",(2009),PG,96 min,"Animation, Adventure, Comedy",8.3,"88        
        Metascore","78-year-old Carl Fredricksen travels to Paradise Falls in his house equipped with balloons, inadvertently taking a young stowaway.","Votes:
1,058,526
| Gross:
$293.00M
| Top 250:
#111",Pete Docter,"['Bob Peterson', 'Edward Asner']"
1,"102.
Amélie
(2001)",(2001),R,122 min,"Comedy, Romance",8.3,"69        
        Metascore","Amélie is an innocent and naive girl in Paris with her own sense of justice. She decides to help those around her and, along the way, discovers love.","Votes:
764,760
| Gross:
$33.23M
| Top 250:
#102",Jean-Pierre Jeunet,"['Audrey Tautou', 'Mathieu Kassovitz']"
2,"103.
Incendies
(2010)",(2010),R,131 min,"Drama, Mystery",8.3,"80        
        Metascore",Twins journey to the Middle East to discover their family history and fulfill their mother's last wishes.,"Votes:
181,608
| Gross:
$6.86M
| Top 250:
#108",Denis Villeneuve,"['Lubna Azabal', 'Mélissa Désormeaux-Poulin']"
3,"104.
Metropolis
(1927)",(1927),Not Rated,153 min,"Drama, Sci-Fi",8.3,"98        
        Metascore","In a futuristic city sharply divided between the working class and the city planners, the son of the city's mastermind falls in love with a working-class prophet who predicts the coming of a savior to mediate their differences.","Votes:
176,910
| Gross:
$1.24M
| Top 250:
#114",Fritz Lang,"['Brigitte Helm', 'Alfred Abel']"
4,"105.
Princess Mononoke
(1997)",(1997),PG-13,134 min,"Animation, Action, Adventure",8.3,"76        
        Metascore","On a journey to find the cure for a Tatarigami's curse, Ashitaka finds himself in the middle of a war between the forest gods and Tatara, a mining colony. In this quest he also meets San, the Mononoke Hime.","Votes:
401,905
| Gross:
$2.38M
| Top 250:
#79",Hayao Miyazaki,"['Yôji Matsuda', 'Yuriko Ishida']"
5,"106.
Citizen Kane
(1941)",(1941),PG,119 min,"Drama, Mystery",8.3,"100        
        Metascore","Following the death of publishing tycoon Charles Foster Kane, reporters scramble to uncover the meaning of his final utterance: 'Rosebud.'","Votes:
447,246
| Gross:
$1.59M
| Top 250:
#95",Orson Welles,"['Orson Welles', 'Joseph Cotten']"
6,"107.
Toy Story 3
(2010)",(2010),G,103 min,"Animation, Adventure, Comedy",8.3,"92        
        Metascore","The toys are mistakenly delivered to a day-care center instead of the attic right before Andy leaves for college, and it's up to Woody to convince the other toys that they weren't abandoned and to return home.","Votes:
847,248
| Gross:
$415.00M
| Top 250:
#87",Lee Unkrich,"['Tom Hanks', 'Tim Allen']"
7,"108.
Ikiru
(1952)",(1952),Not Rated,143 min,Drama,8.3,"91        
        Metascore",A bureaucrat tries to find meaning in his life after he discovers he has terminal cancer.,"Votes:
80,676
| Gross:
$0.06M
| Top 250:
#99",Akira Kurosawa,"['Takashi Shimura', 'Nobuo Kaneko']"
8,"109.
Vertigo
(1958)",(1958),PG,128 min,"Mystery, Romance, Thriller",8.3,"100        
        Metascore","A former San Francisco police detective juggles wrestling with his personal demons and becoming obsessed with the hauntingly beautiful woman he has been hired to trail, who may be deeply disturbed.","Votes:
407,742
| Gross:
$3.20M
| Top 250:
#100",Alfred Hitchcock,"['James Stewart', 'Kim Novak']"
9,"110.
The Apartment
(1960)",(1960),Approved,125 min,"Comedy, Drama, Romance",8.3,"94        
        Metascore","A Manhattan insurance clerk tries to rise in his company by letting its executives use his apartment for trysts, but complications and a romance of his own ensue.","Votes:
184,939
| Gross:
$18.60M
| Top 250:
#101",Billy Wilder,"['Jack Lemmon', 'Shirley MacLaine']"
10,"111.
To Kill a Mockingbird
(1962)",(1962),Approved,129 min,"Crime, Drama",8.3,"88        
        Metascore","Atticus Finch, a widowed lawyer in Depression-era Alabama, defends a Black man against an undeserved rape charge, and tries to educate his young children against prejudice.","Votes:
320,100
| Top 250:
#110",Robert Mulligan,"['Gregory Peck', 'John Megna']"
11,"112.
Singin' in the Rain
(1952)",(1952),G,103 min,"Comedy, Musical, Romance",8.3,"99        
        Metascore",A silent film star falls for a chorus girl just as he and his delusionally jealous screen partner are trying to make the difficult transition to talking pictures in 1920s Hollywood.,"Votes:
246,771
| Gross:
$8.82M
| Top 250:
#83",Stanley Donen,"['Gene Kelly', 'Gene Kelly']"
12,"113.
North by Northwest
(1959)",(1959),Approved,136 min,"Action, Adventure, Mystery",8.3,"98        
        Metascore","A New York City advertising executive goes on the run after being mistaken for a government agent by a group of foreign spies, and falls for a woman whose loyalties he begins to doubt.","Votes:
332,264
| Gross:
$13.28M
| Top 250:
#98",Alfred Hitchcock,"['Cary Grant', 'Eva Marie Saint']"
13,"114.
Judgment at Nuremberg
(1961)",(1961),Approved,179 min,"Drama, War",8.3,"60        
        Metascore","In 1948, an American court in occupied Germany tries four Nazis judged for war crimes.","Votes:
79,009
| Top 250:
#134",Stanley Kramer,"['Spencer Tracy', 'Burt Lancaster']"
14,"115.
A Separation
(2011)",(2011),PG-13,123 min,Drama,8.3,"95        
        Metascore",A married couple are faced with a difficult decision - to improve the life of their child by moving to another country or to stay in Iran and look after a deteriorating parent who has Alzheimer's disease.,"Votes:
247,842
| Gross:
$7.10M
| Top 250:
#113",Asghar Farhadi,"['Payman Maadi', 'Leila Hatami']"
15,"117.
Double Indemnity
(1944)",(1944),Passed,107 min,"Crime, Drama, Film-Noir",8.3,"95        
        Metascore","A Los Angeles insurance representative lets an alluring housewife seduce him into a scheme of insurance fraud and murder that arouses the suspicion of his colleague, an insurance investigator.","Votes:
159,634
| Gross:
$5.72M
| Top 250:
#104",Billy Wilder,"['Fred MacMurray', 'Barbara Stanwyck']"
16,"123.
The Wolf of Wall Street
(2013)",(2013),R,180 min,"Biography, Comedy, Crime",8.2,"75        
        Metascore","Based on the true story of Jordan Belfort, from his rise to a wealthy stock-broker living the high life to his fall involving crime, corruption and the federal government.","Votes:
1,442,275
| Gross:
$116.90M
| Top 250:
#132",Jordan Belfort,"['Martin Scorsese', 'Leonardo DiCaprio']"
17,"124.
Spider-Man: No Way Home
(2021)",(2021),PG-13,148 min,"Action, Adventure, Fantasy",8.2,"71        
        Metascore","With Spider-Man's identity now revealed, Peter asks Doctor Strange for help. When a spell goes wrong, dangerous foes from other worlds start to appear, forcing Peter to discover what it truly means to be Spider-Man.","Votes:
779,704
| Gross:
$804.75M
| Top 250:
#152",Jon Watts,"['Tom Holland', 'Zendaya']"
18,"125.
Jurassic Park
(1993)",(1993),PG-13,127 min,"Action, Adventure, Sci-Fi",8.2,"68        
        Metascore",A pragmatic paleontologist touring an almost complete theme park on an island in Central America is tasked with protecting a couple of kids after a power failure causes the park's cloned dinosaurs to run loose.,"Votes:
1,003,976
| Gross:
$402.45M
| Top 250:
#144",Steven Spielberg,"['Sam Neill', 'Laura Dern']"
19,"126.
Green Book
(2018)",(2018),PG-13,130 min,"Biography, Comedy, Drama",8.2,"69        
        Metascore",A working-class Italian-American bouncer becomes the driver for an African-American classical pianist on a tour of venues through the 1960s American South.,"Votes:
508,731
| Gross:
$85.08M
| Top 250:
#133",Peter Farrelly,"['Viggo Mortensen', 'Mahershala Ali']"
20,"127.
Taxi Driver
(1976)",(1976),R,114 min,"Crime, Drama",8.2,"94        
        Metascore","A mentally unstable veteran works as a nighttime taxi driver in New York City, where the perceived decadence and sleaze fuels his urge for violent action.","Votes:
850,981
| Gross:
$28.26M
| Top 250:
#115",Martin Scorsese,"['Robert De Niro', 'Jodie Foster']"
21,"128.
No Country for Old Men
(2007)",(2007),R,122 min,"Crime, Drama, Thriller",8.2,"92        
        Metascore",Violence and mayhem ensue after a hunter stumbles upon a drug deal gone wrong and more than two million dollars in cash near the Rio Grande.,"Votes:
990,554
| Gross:
$74.28M
| Top 250:
#148",Ethan Coen,"['Joel Coen', 'Tommy Lee Jones']"
22,"129.
1917
(2019)",(2019),R,119 min,"Action, Drama, War",8.2,"78        
        Metascore","April 6th, 1917. As an infantry battalion assembles to wage war deep in enemy territory, two soldiers are assigned to race against time and deliver a message that will stop 1,600 men from walking straight into a deadly trap.","Votes:
609,632
| Gross:
$159.23M
| Top 250:
#123",Sam Mendes,"['Dean-Charles Chapman', 'George MacKay']"
23,"130.
Shutter Island
(2010)",(2010),R,138 min,"Mystery, Thriller",8.2,"63        
        Metascore","In 1954, a U.S. Marshal investigates the disappearance of a murderer who escaped from a hospital for the criminally insane.","Votes:
1,342,388
| Gross:
$128.01M
| Top 250:
#142",Martin Scorsese,"['Leonardo DiCaprio', 'Emily Mortimer']"
24,"131.
There Will Be Blood
(2007)",(2007),R,158 min,Drama,8.2,"93        
        Metascore","A story of family, religion, hatred, oil and madness, focusing on a turn-of-the-century prospector in the early days of the business.","Votes:
596,522
| Gross:
$40.22M
| Top 250:
#138",Paul Thomas Anderson,"['Daniel Day-Lewis', 'Paul Dano']"
25,"132.
Indiana Jones and the Last Crusade
(1989)",(1989),PG-13,127 min,"Action, Adventure",8.2,"65        
        Metascore","In 1938, after his father goes missing while pursuing the Holy Grail, Indiana Jones finds himself up against the Nazis again to stop them from obtaining its powers.","Votes:
764,829
| Gross:
$197.17M
| Top 250:
#120",Steven Spielberg,"['Harrison Ford', 'Sean Connery']"
26,"133.
The Sixth Sense
(1999)",(1999),PG-13,107 min,"Drama, Mystery, Thriller",8.2,"64        
        Metascore","A frightened, withdrawn Philadelphia boy who communicates with spirits seeks the help of a disheartened child psychologist.","Votes:
1,003,717
| Gross:
$293.51M
| Top 250:
#141",M. Night Shyamalan,"['Bruce Willis', 'Haley Joel Osment']"
27,"134.
Snatch
(2000)",(2000),R,102 min,"Comedy, Crime",8.2,"55        
        Metascore","Unscrupulous boxing promoters, violent bookmakers, a Russian gangster, incompetent amateur robbers and supposedly Jewish jewelers fight to track down a priceless stolen diamond.","Votes:
867,022
| Gross:
$30.33M
| Top 250:
#119",Guy Ritchie,"['Jason Statham', 'Brad Pitt']"
28,"135.
Batman Begins
(2005)",(2005),PG-13,140 min,"Action, Crime, Drama",8.2,"70        
        Metascore","After training with his mentor, Batman begins his fight to free crime-ridden Gotham City from corruption.","Votes:
1,489,540
| Gross:
$206.85M
| Top 250:
#127",Christopher Nolan,"['Christian Bale', 'Michael Caine']"
29,"136.
Kill Bill: Vol. 1
(2003)",(2003),R,111 min,"Action, Crime, Drama",8.2,"69        
        Metascore","After awakening from a four-year coma, a former assassin wreaks vengeance on the team of assassins who betrayed her.","Votes:
1,130,441
| Gross:
$70.10M
| Top 250:
#150",Quentin Tarantino,"['Uma Thurman', 'David Carradine']"
30,"137.
The Father
(I) (2020)",(I) (2020),PG-13,97 min,"Drama, Mystery",8.2,"88        
        Metascore","A man refuses all assistance from his daughter as he ages. As he tries to make sense of his changing circumstances, he begins to doubt his loved ones, his own mind and even the fabric of his reality.","Votes:
162,825
| Top 250:
#130",Florian Zeller,"['Anthony Hopkins', 'Olivia Colman']"
31,"138.
A Beautiful Mind
(2001)",(2001),PG-13,135 min,"Biography, Drama",8.2,"72        
        Metascore","After John Nash, a brilliant but asocial mathematician, accepts secret work in cryptography, his life takes a turn for the nightmarish.","Votes:
943,322
| Gross:
$170.74M
| Top 250:
#143",John Nash,"['Ron Howard', 'Russell Crowe']"
32,"139.
The Thing
(1982)",(1982),R,109 min,"Horror, Mystery, Sci-Fi",8.2,"57        
        Metascore",A research team in Antarctica is hunted by a shape-shifting alien that assumes the appearance of its victims.,"Votes:
433,483
| Gross:
$13.78M
| Top 250:
#153",John Carpenter,"['Kurt Russell', 'Wilford Brimley']"
33,"140.
Pan's Labyrinth
(2006)",(2006),R,118 min,"Drama, Fantasy, War",8.2,"98        
        Metascore","In the Falangist Spain of 1944, the bookish young stepdaughter of a sadistic army officer escapes into an eerie but captivating fantasy world.","Votes:
676,610
| Gross:
$37.63M
| Top 250:
#139",Guillermo del Toro,"['Ivana Baquero', 'Ariadna Gil']"
34,"141.
Howl's Moving Castle
(2004)",(2004),PG,119 min,"Animation, Adventure, Family",8.2,"82        
        Metascore","When an unconfident young woman is cursed with an old body by a spiteful witch, her only chance of breaking the spell lies with a self-indulgent yet insecure young wizard and his companions in his legged, walking castle.","Votes:
405,091
| Gross:
$4.71M
| Top 250:
#164",Hayao Miyazaki,"['Chieko Baisho', 'Takuya Kimura']"
35,"142.
The Truman Show
(1998)",(1998),PG,103 min,"Comedy, Drama",8.2,"90        
        Metascore",An insurance salesman discovers his whole life is actually a reality TV show.,"Votes:
1,103,121
| Gross:
$125.62M
| Top 250:
#137",Peter Weir,"['Jim Carrey', 'Ed Harris']"
36,"143.
Casino
(1995)",(1995),R,178 min,"Crime, Drama",8.2,"73        
        Metascore","A tale of greed, deception, money, power, and murder occur between two best friends: a mafia enforcer and a casino executive compete against each other over a gambling empire, and over a fast-living and fast-loving socialite.","Votes:
529,217
| Gross:
$42.44M
| Top 250:
#136",Martin Scorsese,"['Robert De Niro', 'Sharon Stone']"
37,"144.
Lock, Stock and Two Smoking Barrels
(1998)",(1998),R,107 min,"Action, Comedy, Crime",8.2,"66        
        Metascore","Eddy persuades his three pals to pool money for a vital poker game against a powerful local mobster, Hatchet Harry. Eddy loses, after which Harry gives him a week to pay back 500,000 pounds.","Votes:
590,459
| Gross:
$3.90M
| Top 250:
#160",Guy Ritchie,"['Jason Flemyng', 'Dexter Fletcher']"
38,"145.
Gone with the Wind
(1939)",(1939),Passed,238 min,"Drama, Romance, War",8.2,"97        
        Metascore",American motion picture classic in which a manipulative woman and a roguish man conduct a turbulent romance during the Civil War and Reconstruction periods.,"Votes:
320,127
| Gross:
$198.68M
| Top 250:
#159",Victor Fleming,"['George Cukor', 'Sam Wood']"
39,"146.
Die Hard
(1988)",(1988),R,132 min,"Action, Thriller",8.2,"72        
        Metascore",A New York City police officer tries to save his estranged wife and several others taken hostage by terrorists during a Christmas party at the Nakatomi Plaza in Los Angeles.,"Votes:
895,139
| Gross:
$83.01M
| Top 250:
#117",John McTiernan,"['Bruce Willis', 'Alan Rickman']"
40,"147.
L.A. Confidential
(1997)",(1997),R,138 min,"Crime, Drama, Mystery",8.2,"91        
        Metascore","As corruption grows in 1950s Los Angeles, three policemen - one strait-laced, one brutal, and one sleazy - investigate a series of murders with their own brand of justice.","Votes:
589,176
| Gross:
$64.62M
| Top 250:
#116",Curtis Hanson,"['Kevin Spacey', 'Russell Crowe']"
41,"148.
Some Like It Hot
(1959)",(1959),Passed,121 min,"Comedy, Music, Romance",8.2,"98        
        Metascore","After two male musicians witness a mob hit, they flee the state in an all-female band disguised as women, but further complications set in.","Votes:
271,221
| Gross:
$25.00M
| Top 250:
#129",Billy Wilder,"['Marilyn Monroe', 'Tony Curtis']"
42,"149.
Unforgiven
(1992)",(1992),R,130 min,"Drama, Western",8.2,"85        
        Metascore","Retired Old West gunslinger William Munny reluctantly takes on one last job, with the help of his old partner Ned Logan and a young man, The ""Schofield Kid.""","Votes:
417,408
| Gross:
$101.16M
| Top 250:
#140",Clint Eastwood,"['Clint Eastwood', 'Gene Hackman']"
43,"150.
Finding Nemo
(2003)",(2003),G,100 min,"Animation, Adventure, Comedy",8.2,"90        
        Metascore","After his son is captured in the Great Barrier Reef and taken to Sydney, a timid clownfish sets out on a journey to bring him home.","Votes:
1,057,066
| Gross:
$380.84M
| Top 250:
#154",Andrew Stanton,"['Lee Unkrich', 'Albert Brooks']"
0,"151.
V for Vendetta
(2005)",(2005),R,132 min,"Action, Drama, Sci-Fi",8.2,"62        
        Metascore","In a future British dystopian society, a shadowy freedom fighter, known only by the alias of ""V"", plots to overthrow the tyrannical government - with the help of a young woman.","Votes:
1,133,347
| Gross:
$70.51M
| Top 250:
#158",James McTeigue,"['Hugo Weaving', 'Natalie Portman']"
1,"152.
Chinatown
(1974)",(1974),R,130 min,"Drama, Mystery, Thriller",8.2,"92        
        Metascore","A private detective hired to expose an adulterer in 1930s Los Angeles finds himself caught up in a web of deceit, corruption, and murder.","Votes:
331,840
| Gross:
$8.49M
| Top 250:
#156",Roman Polanski,"['Jack Nicholson', 'Faye Dunaway']"
2,"153.
Warrior
(2011)",(2011),PG-13,140 min,"Action, Drama, Sport",8.2,"71        
        Metascore","The youngest son of an alcoholic former boxer returns home, where he's trained by his father for competition in a mixed martial arts tournament - a path that puts the fighter on a collision course with his estranged, older brother.","Votes:
478,813
| Gross:
$13.66M
| Top 250:
#169",Gavin O'Connor,"['Tom Hardy', 'Nick Nolte']"
3,"154.
Raging Bull
(1980)",(1980),R,129 min,"Biography, Drama, Sport",8.2,"89        
        Metascore","The life of boxer Jake LaMotta, whose violence and temper that led him to the top in the ring destroyed his life outside of it.","Votes:
359,617
| Gross:
$23.38M
| Top 250:
#157",Jake LaMotta,"['Martin Scorsese', 'Robert De Niro']"
4,"155.
Downfall
(2004)",(2004),R,156 min,"Biography, Drama, History",8.2,"82        
        Metascore","Traudl Junge, the final secretary for Adolf Hitler, tells of the Nazi dictator's final days in his Berlin bunker at the end of WWII.","Votes:
359,970
| Gross:
$5.51M
| Top 250:
#124",Traudl Junge,"['Adolf Hitler', 'Oliver Hirschbiegel']"
5,"156.
The Elephant Man
(1980)",(1980),PG,124 min,"Biography, Drama",8.2,"78        
        Metascore","A Victorian surgeon rescues a heavily disfigured man who is mistreated while scraping a living as a side-show freak. Behind his monstrous façade, there is revealed a person of kindness, intelligence and sophistication.","Votes:
245,537
| Top 250:
#155",David Lynch,"['Anthony Hopkins', 'John Hurt']"
6,"157.
Monty Python and the Holy Grail
(1975)",(1975),PG,91 min,"Adventure, Comedy, Fantasy",8.2,"91        
        Metascore","King Arthur and his Knights of the Round Table embark on a surreal, low-budget search for the Holy Grail, encountering many, very silly obstacles.","Votes:
548,030
| Gross:
$1.23M
| Top 250:
#147",Terry Gilliam,"['Terry Jones', 'Graham Chapman']"
7,"158.
The Great Escape
(1963)",(1963),Approved,172 min,"Adventure, Drama, History",8.2,"86        
        Metascore",Allied prisoners of war plan for several hundred of their number to escape from a German camp during World War II.,"Votes:
247,814
| Gross:
$12.10M
| Top 250:
#149",John Sturges,"['Steve McQueen', 'James Garner']"
8,"159.
The Secret in Their Eyes
(2009)",(2009),R,129 min,"Drama, Mystery, Romance",8.2,"80        
        Metascore",A retired legal counselor writes a novel hoping to find closure for one of his past unresolved homicide cases and for his unreciprocated love with his superior - both of which still haunt him decades later.,"Votes:
212,581
| Gross:
$6.39M
| Top 250:
#163",Juan José Campanella,"['Ricardo Darín', 'Soledad Villamil']"
9,"160.
The Bridge on the River Kwai
(1957)",(1957),PG,161 min,"Adventure, Drama, War",8.2,"87        
        Metascore","British POWs are forced to build a railway bridge across the river Kwai for their Japanese captors in occupied Burma, not knowing that the allied forces are planning a daring commando raid through the jungle to destroy it.","Votes:
223,983
| Gross:
$44.91M
| Top 250:
#167",David Lean,"['William Holden', 'Alec Guinness']"
10,"161.
Ran
(1985)",(1985),R,162 min,"Action, Drama, War",8.2,"96        
        Metascore","In Medieval Japan, an elderly warlord retires, handing over his empire to his three sons. However, he vastly underestimates how the new-found power will corrupt them and cause them to turn on each other...and him.","Votes:
127,828
| Gross:
$4.14M
| Top 250:
#135",Akira Kurosawa,"['Tatsuya Nakadai', 'Akira Terao']"
11,"162.
For a Few Dollars More
(1965)",(1965),R,132 min,Western,8.2,"74        
        Metascore",Two bounty hunters with the same intentions team up to track down an escaped Mexican outlaw.,"Votes:
260,654
| Gross:
$15.00M
| Top 250:
#126",Sergio Leone,"['Clint Eastwood', 'Lee Van Cleef']"
12,"163.
All About Eve
(1950)",(1950),Passed,138 min,Drama,8.2,"98        
        Metascore",A seemingly timid but secretly ruthless ingénue insinuates herself into the lives of an aging Broadway star and her circle of theater friends.,"Votes:
133,037
| Gross:
$0.01M
| Top 250:
#131",Joseph L. Mankiewicz,"['Bette Davis', 'Anne Baxter']"
13,"164.
Rashomon
(1950)",(1950),Not Rated,88 min,"Crime, Drama, Mystery",8.2,"98        
        Metascore","The rape of a bride and the murder of her samurai husband are recalled from the perspectives of a bandit, the bride, the samurai's ghost and a woodcutter.","Votes:
171,278
| Gross:
$0.10M
| Top 250:
#151",Akira Kurosawa,"['Toshirô Mifune', 'Machiko Kyô']"
14,"165.
Klaus
(2019)",(2019),PG,96 min,"Animation, Adventure, Comedy",8.2,"65        
        Metascore","A simple act of kindness always sparks another, even in a frozen, faraway place. When Smeerensburg's new postman, Jesper, befriends toymaker Klaus, their gifts melt an age-old feud and deliver a sleigh full of holiday traditions.","Votes:
163,502
| Top 250:
#178",Sergio Pablos,"['Carlos Martínez López', 'Jason Schwartzman']"
15,"166.
The Treasure of the Sierra Madre
(1948)",(1948),Passed,126 min,"Adventure, Drama, Western",8.2,"98        
        Metascore",Two down-on-their-luck Americans searching for work in 1920s Mexico convince an old prospector to help them mine for gold in the Sierra Madre Mountains.,"Votes:
126,713
| Gross:
$5.01M
| Top 250:
#146",John Huston,"['Humphrey Bogart', 'Walter Huston']"
16,"167.
Dial M for Murder
(1954)",(1954),PG,105 min,"Crime, Thriller",8.2,"75        
        Metascore",A former tennis star arranges the murder of his adulterous wife.,"Votes:
178,896
| Gross:
$0.01M
| Top 250:
#161",Alfred Hitchcock,"['Ray Milland', 'Grace Kelly']"
17,"168.
Yojimbo
(1961)",(1961),Not Rated,110 min,"Action, Drama, Thriller",8.2,"93        
        Metascore",A crafty ronin comes to a town divided by two criminal gangs and decides to play them against each other to free the town.,"Votes:
124,807
| Top 250:
#145",Akira Kurosawa,"['Toshirô Mifune', 'Eijirô Tôno']"
18,"169.
Tokyo Story
(1953)",(1953),Not Rated,136 min,Drama,8.2,"100        
        Metascore","An old couple visit their children and grandchildren in the city, but receive little attention.","Votes:
63,350
| Top 250:
#207",Yasujirô Ozu,"['Chishû Ryû', 'Chieko Higashiyama']"
19,"170.
Children of Heaven
(1997)",(1997),PG,89 min,"Drama, Family, Sport",8.2,"77        
        Metascore","After a boy loses his sister's pair of shoes, he goes on a series of adventures in order to find them. When he can't, he tries a new way to ""win"" a new pair.","Votes:
75,960
| Gross:
$0.93M
| Top 250:
#175",Majid Majidi,"['Mohammad Amir Naji', 'Amir Farrokh Hashemian']"
20,"171.
To Be or Not to Be
(1942)",(1942),Passed,99 min,"Comedy, Romance, War",8.2,"86        
        Metascore","During the Nazi occupation of Poland, an acting troupe becomes embroiled in a Polish soldier's efforts to track down a German spy.","Votes:
39,031
| Top 250:
#228",Ernst Lubitsch,"['Carole Lombard', 'Jack Benny']"
21,"172.
The Passion of Joan of Arc
(1928)",(1928),Passed,114 min,"Biography, Drama, History",8.2,"98        
        Metascore","In 1431, Jeanne d'Arc is placed on trial on charges of heresy. The ecclesiastical jurists attempt to force Jeanne to recant her claims of holy visions.","Votes:
56,599
| Gross:
$0.02M
| Top 250:
#208",Carl Theodor Dreyer,"['Maria Falconetti', 'Eugene Silvain']"
22,"174.
The Wages of Fear
(1953)",(1953),Not Rated,131 min,"Adventure, Drama, Thriller",8.2,"85        
        Metascore","In a decrepit South American village, four men are hired to transport an urgent nitroglycerine shipment without the equipment that would make it safe.","Votes:
62,637
| Top 250:
#193",Henri-Georges Clouzot,"['Yves Montand', 'Charles Vanel']"
23,"177.
The Help
(2011)",(2011),PG-13,146 min,Drama,8.1,"62        
        Metascore","An aspiring author during the civil rights movement of the 1960s decides to write a book detailing the African American maids' point of view on the white families for which they work, and the hardships they go through on a daily basis.","Votes:
467,288
| Gross:
$169.71M
| Top 250:
#246",Tate Taylor,"['Viola Davis', 'Emma Stone']"
24,"178.
Rocky
(1976)",(1976),PG,120 min,"Drama, Sport",8.1,"70        
        Metascore",A small-time Philadelphia boxer gets a supremely rare chance to fight the world heavyweight champion in a bout in which he strives to go the distance for his self-respect.,"Votes:
590,894
| Gross:
$117.24M
| Top 250:
#211",John G. Avildsen,"['Sylvester Stallone', 'Talia Shire']"
25,"179.
Prisoners
(2013)",(2013),R,153 min,"Crime, Drama, Mystery",8.1,"70        
        Metascore","When Keller Dover's daughter and her friend go missing, he takes matters into his own hands as the police pursue multiple leads and the pressure mounts.","Votes:
734,322
| Gross:
$61.00M
| Top 250:
#168",Denis Villeneuve,"['Hugh Jackman', 'Jake Gyllenhaal']"
26,"180.
Three Billboards Outside Ebbing, Missouri
(2017)",(2017),R,115 min,"Comedy, Crime, Drama",8.1,"88        
        Metascore",A mother personally challenges the local authorities to solve her daughter's murder when they fail to catch the culprit.,"Votes:
519,792
| Gross:
$54.51M
| Top 250:
#165",Martin McDonagh,"['Frances McDormand', 'Woody Harrelson']"
27,"181.
Stand by Me
(1986)",(1986),R,89 min,"Adventure, Drama",8.1,"75        
        Metascore","After the death of one of his friends, a writer recounts a childhood journey with his friends to find the body of a missing boy.","Votes:
412,449
| Gross:
$52.29M
| Top 250:
#217",Rob Reiner,"['Wil Wheaton', 'River Phoenix']"
28,"182.
Pirates of the Caribbean: The Curse of the Black Pearl
(2003)",(2003),PG-13,143 min,"Action, Adventure, Fantasy",8.1,"63        
        Metascore","Blacksmith Will Turner teams up with eccentric pirate ""Captain"" Jack Sparrow to save his love, the governor's daughter, from Jack's former pirate allies, who are now undead.","Votes:
1,142,897
| Gross:
$305.41M
| Top 250:
#230",Gore Verbinski,"['Johnny Depp', 'Geoffrey Rush']"
29,"183.
Mad Max: Fury Road
(2015)",(2015),R,120 min,"Action, Adventure, Sci-Fi",8.1,"90        
        Metascore","In a post-apocalyptic wasteland, a woman rebels against a tyrannical ruler in search for her homeland with the aid of a group of female prisoners, a psychotic worshiper, and a drifter named Max.","Votes:
1,019,232
| Gross:
$154.06M
| Top 250:
#198",George Miller,"['Tom Hardy', 'Charlize Theron']"
30,"184.
Catch Me If You Can
(2002)",(2002),PG-13,141 min,"Biography, Crime, Drama",8.1,"75        
        Metascore","Barely 21 yet, Frank is a skilled forger who has passed as a doctor, lawyer and pilot. FBI agent Carl becomes obsessed with tracking down the con man, who only revels in the pursuit.","Votes:
1,006,323
| Gross:
$164.62M
| Top 250:
#173",Steven Spielberg,"['Leonardo DiCaprio', 'Tom Hanks']"
31,"185.
Ford v Ferrari
(2019)",(2019),PG-13,152 min,"Action, Biography, Drama",8.1,"81        
        Metascore",American car designer Carroll Shelby and driver Ken Miles battle corporate interference and the laws of physics to build a revolutionary race car for Ford in order to defeat Ferrari at the 24 Hours of Le Mans in 1966.,"Votes:
408,650
| Gross:
$117.62M
| Top 250:
#209",Carroll Shelby,"['Ken Miles', 'James Mangold']"
32,"186.
Hacksaw Ridge
(2016)",(2016),R,139 min,"Biography, Drama, History",8.1,"71        
        Metascore","World War II American Army Medic Desmond T. Doss, who served during the Battle of Okinawa, refuses to kill people and becomes the first man in American history to receive the Medal of Honor without firing a shot.","Votes:
540,833
| Gross:
$67.21M
| Top 250:
#192",Desmond T. Doss,"['Mel Gibson', 'Andrew Garfield']"
33,"187.
Blade Runner
(1982)",(1982),R,117 min,"Action, Drama, Sci-Fi",8.1,"84        
        Metascore",A blade runner must pursue and terminate four replicants who stole a ship in space and have returned to Earth to find their creator.,"Votes:
780,895
| Gross:
$32.87M
| Top 250:
#176",Ridley Scott,"['Harrison Ford', 'Rutger Hauer']"
34,"188.
Gone Girl
(2014)",(2014),R,149 min,"Drama, Mystery, Thriller",8.1,"79        
        Metascore","With his wife's disappearance having become the focus of an intense media circus, a man sees the spotlight turned on him when it's suspected that he may not be innocent.","Votes:
998,978
| Gross:
$167.77M
| Top 250:
#185",David Fincher,"['Ben Affleck', 'Rosamund Pike']"
35,"189.
The Grand Budapest Hotel
(2014)",(2014),R,99 min,"Adventure, Comedy, Crime",8.1,"88        
        Metascore","A writer encounters the owner of an aging high-class hotel, who tells him of his early years serving as a lobby boy in the hotel's glorious years under an exceptional concierge.","Votes:
827,159
| Gross:
$59.10M
| Top 250:
#184",Wes Anderson,"['Ralph Fiennes', 'F. Murray Abraham']"
36,"190.
Harry Potter and the Deathly Hallows: Part 2
(2011)",(2011),PG-13,130 min,"Adventure, Family, Fantasy",8.1,"85        
        Metascore","Harry, Ron, and Hermione search for Voldemort's remaining Horcruxes in their effort to destroy the Dark Lord as the final battle rages on at Hogwarts.","Votes:
891,221
| Gross:
$381.01M
| Top 250:
#180",David Yates,"['Daniel Radcliffe', 'Emma Watson']"
37,"191.
Spotlight
(I) (2015)",(I) (2015),R,129 min,"Biography, Crime, Drama",8.1,"93        
        Metascore","The true story of how the Boston Globe uncovered the massive scandal of child molestation and cover-up within the local Catholic Archdiocese, shaking the entire Catholic Church to its core.","Votes:
477,914
| Gross:
$45.06M
| Top 250:
#214",Tom McCarthy,"['Mark Ruffalo', 'Michael Keaton']"
38,"192.
The Big Lebowski
(1998)",(1998),R,117 min,"Comedy, Crime",8.1,"71        
        Metascore","Ultimate L.A. slacker Jeff ""The Dude"" Lebowski, mistaken for a millionaire of the same name, seeks restitution for a rug ruined by debt collectors, enlisting his bowling buddies for help while trying to find the millionaire's missing wife.","Votes:
819,805
| Gross:
$17.50M
| Top 250:
#206",Joel Coen,"['Ethan Coen', 'Jeff Bridges']"
39,"193.
Platoon
(1986)",(1986),R,120 min,"Drama, War",8.1,"92        
        Metascore","Chris Taylor, a neophyte recruit in Vietnam, finds himself caught in a battle of wills between two sergeants, one good and the other evil. A shrewd examination of the brutality of war and the duality of man in conflict.","Votes:
420,231
| Gross:
$138.53M
| Top 250:
#212",Oliver Stone,"['Charlie Sheen', 'Tom Berenger']"
40,"194.
Ratatouille
(2007)",(2007),G,111 min,"Animation, Adventure, Comedy",8.1,"96        
        Metascore",A rat who can cook makes an unusual alliance with a young kitchen worker at a famous Paris restaurant.,"Votes:
754,832
| Gross:
$206.45M
| Top 250:
#213",Brad Bird,"['Jan Pinkava', 'Brad Garrett']"
41,"195.
The Exorcist
(1973)",(1973),R,122 min,Horror,8.1,"81        
        Metascore","When a 12 year old girl is possessed by a mysterious entity, her mother seeks the help of two priests to save her daughter.","Votes:
416,224
| Gross:
$232.91M
| Top 250:
#225",William Friedkin,"['Ellen Burstyn', 'Max von Sydow']"
42,"196.
12 Years a Slave
(2013)",(2013),R,134 min,"Biography, Drama, History",8.1,"96        
        Metascore","In the antebellum United States, Solomon Northup, a free black man from upstate New York, is abducted and sold into slavery.","Votes:
710,569
| Gross:
$56.67M
| Top 250:
#181",Solomon Northup,"['Steve McQueen', 'Chiwetel Ejiofor']"
43,"197.
The Terminator
(1984)",(1984),R,107 min,"Action, Sci-Fi",8.1,"84        
        Metascore","A human soldier is sent from 2029 to 1984 to stop an almost indestructible cyborg killing machine, sent from the same year, which has been programmed to execute a young woman whose unborn son is the key to humanity's future salvation.","Votes:
877,745
| Gross:
$38.40M
| Top 250:
#216",James Cameron,"['Arnold Schwarzenegger', 'Linda Hamilton']"
44,"198.
Jaws
(1975)",(1975),PG,124 min,"Adventure, Thriller",8.1,"87        
        Metascore","When a killer shark unleashes chaos on a beach community off Cape Cod, it's up to a local sheriff, a marine biologist, and an old seafarer to hunt the beast down.","Votes:
617,368
| Gross:
$260.00M
| Top 250:
#203",Steven Spielberg,"['Roy Scheider', 'Robert Shaw']"
45,"199.
Fargo
(1996)",(1996),R,98 min,"Crime, Thriller",8.1,"86        
        Metascore",Minnesota car salesman Jerry Lundegaard's inept crime falls apart due to his and his henchmen's bungling and the persistent police work of the quite pregnant Marge Gunderson.,"Votes:
687,318
| Gross:
$24.61M
| Top 250:
#170",Joel Coen,"['Ethan Coen', 'William H. Macy']"
46,"200.
Room
(I) (2015)",(I) (2015),R,118 min,"Drama, Thriller",8.1,"86        
        Metascore","Held captive for 7 years in an enclosed space, a woman and her young son finally gain their freedom, allowing the boy to experience the outside world for the first time.","Votes:
427,906
| Gross:
$14.68M
| Top 250:
#205",Lenny Abrahamson,"['Brie Larson', 'Jacob Tremblay']"
0,"201.
The Handmaiden
(2016)",(2016),Not Rated,145 min,"Drama, Romance, Thriller",8.1,"84        
        Metascore","A woman is hired as a handmaiden to a Japanese heiress, but secretly she is involved in a plot to defraud her.","Votes:
153,946
| Gross:
$2.01M
| Top 250:
#239",Park Chan-wook,"['Kim Min-hee', 'Ha Jung-woo']"
1,"202.
Ben-Hur
(1959)",(1959),G,212 min,"Adventure, Drama",8.1,"90        
        Metascore","After a Jewish prince is betrayed and sent into slavery by a Roman friend in 1st-century Jerusalem, he regains his freedom and comes back for revenge.","Votes:
242,979
| Gross:
$74.70M
| Top 250:
#183",William Wyler,"['Charlton Heston', 'Jack Hawkins']"
2,"203.
Dead Poets Society
(1989)",(1989),PG,128 min,"Comedy, Drama",8.1,"79        
        Metascore",Maverick teacher John Keating uses poetry to embolden his boarding school students to new heights of self-expression.,"Votes:
502,697
| Gross:
$95.86M
| Top 250:
#204",Peter Weir,"['Robin Williams', 'Robert Sean Leonard']"
3,"204.
The Wizard of Oz
(1939)",(1939),PG,102 min,"Adventure, Family, Fantasy",8.1,"92        
        Metascore","Young Dorothy Gale and her dog Toto are swept away by a tornado from their Kansas farm to the magical Land of Oz, and embark on a quest with three new friends to see the Wizard, who can return her to her home and fulfill the others' wishes.","Votes:
406,810
| Gross:
$2.08M
| Top 250:
#222",Victor Fleming,"['George Cukor', 'Mervyn LeRoy']"
4,"205.
Into the Wild
(2007)",(2007),R,148 min,"Adventure, Biography, Drama",8.1,"73        
        Metascore","After graduating from Emory University, top student and athlete Christopher McCandless abandons his possessions, gives his entire $24,000 savings account to charity and hitchhikes to Alaska to live in the wilderness. Along the way, Christopher encounters a series of characters that shape his life.","Votes:
630,845
| Gross:
$18.35M
| Top 250:
#221",Sean Penn,"['Emile Hirsch', 'Vince Vaughn']"
5,"206.
Inside Out
(I) (2015)",(I) (2015),PG,95 min,"Animation, Adventure, Comedy",8.1,"94        
        Metascore","After young Riley is uprooted from her Midwest life and moved to San Francisco, her emotions - Joy, Fear, Anger, Disgust and Sadness - conflict on how best to navigate a new city, house, and school.","Votes:
727,268
| Gross:
$356.46M
| Top 250:
#162",Pete Docter,"['Ronnie Del Carmen', 'Amy Poehler']"
6,"207.
The Deer Hunter
(1978)",(1978),R,183 min,"Drama, War",8.1,"86        
        Metascore",An in-depth examination of the ways in which the Vietnam War impacts and disrupts the lives of several friends in a small steel mill town in Pennsylvania.,"Votes:
344,197
| Gross:
$48.98M
| Top 250:
#191",Michael Cimino,"['Robert De Niro', 'Christopher Walken']"
7,"208.
Logan
(2017)",(2017),R,137 min,"Action, Drama, Sci-Fi",8.1,"77        
        Metascore","In a future where mutants are nearly extinct, an elderly and weary Logan leads a quiet life. But when Laura, a mutant child pursued by scientists, comes to him for help, he must get her to safety.","Votes:
777,877
| Gross:
$226.28M
| Top 250:
#215",James Mangold,"['Hugh Jackman', 'Patrick Stewart']"
8,"209.
The Sound of Music
(1965)",(1965),G,172 min,"Biography, Drama, Family",8.1,"63        
        Metascore",A young novice is sent by her convent in 1930s Austria to become a governess to the seven children of a widowed naval officer.,"Votes:
241,757
| Gross:
$163.21M
| Top 250:
#241",Robert Wise,"['Julie Andrews', 'Christopher Plummer']"
9,"210.
Trainspotting
(1996)",(1996),R,93 min,Drama,8.1,"83        
        Metascore","Renton, deeply immersed in the Edinburgh drug scene, tries to clean up and get out, despite the allure of the drugs and influence of friends.","Votes:
695,916
| Gross:
$16.50M
| Top 250:
#166",Danny Boyle,"['Ewan McGregor', 'Ewen Bremner']"
10,"211.
Memories of Murder
(2003)",(2003),Not Rated,132 min,"Crime, Drama, Mystery",8.1,"82        
        Metascore","In a small Korean province in 1986, two detectives struggle with the case of multiple young women being found raped and murdered by an unknown culprit.","Votes:
191,827
| Gross:
$0.01M
| Top 250:
#194",Bong Joon Ho,"['Song Kang-ho', 'Kim Sang-kyung']"
11,"212.
Million Dollar Baby
(2004)",(2004),PG-13,132 min,"Drama, Sport",8.1,"86        
        Metascore",A determined woman works with a hardened boxing trainer to become a professional.,"Votes:
695,349
| Gross:
$100.49M
| Top 250:
#174",Clint Eastwood,"['Hilary Swank', 'Clint Eastwood']"
12,"213.
Before Sunrise
(1995)",(1995),R,101 min,"Drama, Romance",8.1,"77        
        Metascore","A young man and woman meet on a train in Europe, and wind up spending one evening together in Vienna. Unfortunately, both know that this will probably be their only night together.","Votes:
316,323
| Gross:
$5.54M
| Top 250:
#179",Richard Linklater,"['Ethan Hawke', 'Julie Delpy']"
13,"214.
How to Train Your Dragon
(2010)",(2010),PG,98 min,"Animation, Action, Adventure",8.1,"75        
        Metascore","A hapless young Viking who aspires to hunt dragons becomes the unlikely friend of a young dragon himself, and learns there may be more to the creatures than he assumed.","Votes:
752,845
| Gross:
$217.58M
| Top 250:
#201",Dean DeBlois,"['Chris Sanders', 'Jay Baruchel']"
14,"215.
Groundhog Day
(1993)",(1993),PG,101 min,"Comedy, Drama, Fantasy",8.1,"72        
        Metascore","A narcissistic, self-centered weatherman finds himself in a time loop on Groundhog Day, and the day keeps repeating until he gets it right.","Votes:
644,585
| Gross:
$70.91M
| Top 250:
#224",Harold Ramis,"['Bill Murray', 'Andie MacDowell']"
15,"216.
Monsters, Inc.
(2001)",(2001),G,92 min,"Animation, Adventure, Comedy",8.1,"79        
        Metascore","In order to power the city, monsters have to scare children so that they scream. However, the children are toxic to the monsters, and after a child gets through, two monsters realize things may not be what they think.","Votes:
922,825
| Gross:
$289.92M
| Top 250:
#202",Pete Docter,"['David Silverman', 'Lee Unkrich']"
16,"217.
Rush
(I) (2013)",(I) (2013),R,123 min,"Action, Biography, Drama",8.1,"74        
        Metascore",The merciless 1970s rivalry between Formula One rivals James Hunt and Niki Lauda.,"Votes:
487,090
| Gross:
$26.95M
| Top 250:
#218",James Hunt,"['Niki Lauda', 'Ron Howard']"
17,"218.
It Happened One Night
(1934)",(1934),Passed,105 min,"Comedy, Romance",8.1,"87        
        Metascore","A renegade reporter trailing a young runaway heiress for a big story joins her on a bus heading from Florida to New York, and they end up stuck with each other when the bus leaves them behind at one of the stops.","Votes:
106,315
| Gross:
$4.36M
| Top 250:
#242",Frank Capra,"['Clark Gable', 'Claudette Colbert']"
18,"219.
Gran Torino
(2008)",(2008),R,116 min,Drama,8.1,"72        
        Metascore","Disgruntled Korean War veteran Walt Kowalski sets out to reform his neighbor, Thao Lor, a Hmong teenager who tried to steal Kowalski's prized possession: a 1972 Gran Torino.","Votes:
784,295
| Gross:
$148.10M
| Top 250:
#171",Clint Eastwood,"['Clint Eastwood', 'Bee Vang']"
19,"221.
The Third Man
(1949)",(1949),Approved,93 min,"Film-Noir, Mystery, Thriller",8.1,"97        
        Metascore","Pulp novelist Holly Martins travels to shadowy, postwar Vienna, only to find himself investigating the mysterious death of an old friend, Harry Lime.","Votes:
174,063
| Gross:
$0.45M
| Top 250:
#190",Carol Reed,"['Orson Welles', 'Joseph Cotten']"
20,"222.
Wild Tales
(2014)",(2014),R,122 min,"Comedy, Drama, Thriller",8.1,"77        
        Metascore",Six short stories that explore the extremities of human behavior involving people in distress.,"Votes:
202,903
| Gross:
$3.11M
| Top 250:
#196",Damián Szifron,"['Darío Grandinetti', 'María Marull']"
21,"223.
Rebecca
(1940)",(1940),Approved,130 min,"Drama, Film-Noir, Mystery",8.1,"86        
        Metascore",A self-conscious woman juggles adjusting to her new role as an aristocrat's wife and avoiding being intimidated by his first wife's spectral presence.,"Votes:
139,717
| Gross:
$4.36M
| Top 250:
#237",Alfred Hitchcock,"['Laurence Olivier', 'Joan Fontaine']"
22,"224.
Barry Lyndon
(1975)",(1975),PG,185 min,"Adventure, Drama, War",8.1,"89        
        Metascore",An Irish rogue wins the heart of a rich widow and assumes her dead husband's aristocratic position in 18th-century England.,"Votes:
171,931
| Top 250:
#188",Stanley Kubrick,"[""Ryan O'Neal"", 'Marisa Berenson']"
23,"225.
Cool Hand Luke
(1967)",(1967),GP,127 min,"Crime, Drama",8.1,"92        
        Metascore","A laid back Southern man is sentenced to two years in a rural prison, but refuses to conform.","Votes:
179,930
| Gross:
$16.22M
| Top 250:
#238",Stuart Rosenberg,"['Paul Newman', 'George Kennedy']"
24,"226.
My Neighbor Totoro
(1988)",(1988),G,86 min,"Animation, Comedy, Family",8.1,"86        
        Metascore","When two girls move to the country to be near their ailing mother, they have adventures with the wondrous forest spirits who live nearby.","Votes:
347,543
| Gross:
$1.11M
| Top 250:
#172",Hayao Miyazaki,"['Hitoshi Takagi', 'Noriko Hidaka']"
25,"227.
Before Sunset
(2004)",(2004),R,80 min,"Drama, Romance",8.1,"90        
        Metascore","Nine years after Jesse and Celine first met, they encounter each other again on the French leg of Jesse's book tour.","Votes:
270,620
| Gross:
$5.82M
| Top 250:
#220",Richard Linklater,"['Ethan Hawke', 'Julie Delpy']"
26,"228.
Network
(1976)",(1976),R,121 min,Drama,8.1,"83        
        Metascore","A television network cynically exploits a deranged former anchor's ravings and revelations about the news media for its own profit, but finds that his message may be difficult to control.","Votes:
162,057
| Top 250:
#219",Sidney Lumet,"['Faye Dunaway', 'William Holden']"
27,"230.
In the Name of the Father
(1993)",(1993),R,133 min,"Biography, Crime, Drama",8.1,"84        
        Metascore",A man's coerced confession to an I.R.A. bombing he did not commit results in the imprisonment of his father as well. An English lawyer fights to free them.,"Votes:
178,364
| Gross:
$25.01M
| Top 250:
#189",Jim Sheridan,"['Daniel Day-Lewis', 'Pete Postlethwaite']"
28,"231.
The Seventh Seal
(1957)",(1957),Not Rated,96 min,"Drama, Fantasy",8.1,"88        
        Metascore","A knight returning to Sweden after the Crusades seeks answers about life, death, and the existence of God as he plays chess against the Grim Reaper during the Black Plague.","Votes:
188,249
| Top 250:
#200",Ingmar Bergman,"['Max von Sydow', 'Gunnar Björnstrand']"
29,"232.
The Iron Giant
(1999)",(1999),PG,86 min,"Animation, Action, Adventure",8.1,"85        
        Metascore",A young boy befriends a giant robot from outer space that a paranoid government agent wants to destroy.,"Votes:
205,375
| Gross:
$23.16M
| Top 250:
#245",Brad Bird,"['Eli Marienthal', 'Harry Connick Jr.']"
30,"233.
On the Waterfront
(1954)",(1954),Approved,108 min,"Crime, Drama, Thriller",8.1,"91        
        Metascore","An ex-prize fighter turned New Jersey longshoreman struggles to stand up to his corrupt union bosses, including his older brother, as he starts to connect with the grieving sister of one of the syndicate's victims.","Votes:
157,428
| Gross:
$9.60M
| Top 250:
#182",Elia Kazan,"['Marlon Brando', 'Karl Malden']"
31,"234.
The Best Years of Our Lives
(1946)",(1946),Approved,170 min,"Drama, Romance, War",8.1,"93        
        Metascore","Three World War II veterans, two of them traumatized or disabled, return home to the American midwest to discover that they and their families have been irreparably changed.","Votes:
66,396
| Gross:
$23.65M
| Top 250:
#223",William Wyler,"['Myrna Loy', 'Dana Andrews']"
32,"235.
Amores Perros
(2000)",(2000),R,154 min,"Drama, Thriller",8.1,"83        
        Metascore","A horrific car accident connects three stories, each involving characters dealing with loss, regret, and life's harsh realities, all in the name of love.","Votes:
243,921
| Gross:
$5.38M
| Top 250:
#236",Alejandro G. Iñárritu,"['Emilio Echevarría', 'Gael García Bernal']"
33,"236.
Persona
(1966)",(1966),Not Rated,83 min,"Drama, Thriller",8.1,"86        
        Metascore",A nurse is put in charge of a mute actress and finds that their personae are melding together.,"Votes:
122,124
| Top 250:
#243",Ingmar Bergman,"['Bibi Andersson', 'Liv Ullmann']"
34,"237.
Hotel Rwanda
(2004)",(2004),PG-13,121 min,"Biography, Drama, History",8.1,"79        
        Metascore","Paul Rusesabagina, a hotel manager, houses over a thousand Tutsi refugees during their struggle against the Hutu militia in Rwanda, Africa.","Votes:
359,886
| Gross:
$23.53M
| Top 250:
#210",Paul Rusesabagina,"['Terry George', 'Don Cheadle']"
35,"238.
The Grapes of Wrath
(1940)",(1940),Passed,129 min,Drama,8.1,"96        
        Metascore","An Oklahoma family, driven off their farm by the poverty and hopelessness of the Dust Bowl, joins the westward migration to California, suffering the misfortunes of the homeless in the Great Depression.","Votes:
95,327
| Gross:
$0.06M
| Top 250:
#232",John Ford,"['Henry Fonda', 'Jane Darwell']"
36,"241.
Wild Strawberries
(1957)",(1957),Not Rated,91 min,"Drama, Romance",8.1,"88        
        Metascore","After living a life marked by coldness, an aging professor is forced to confront the emptiness of his existence.","Votes:
109,091
| Top 250:
#186",Ingmar Bergman,"['Victor Sjöström', 'Bibi Andersson']"
37,"243.
The Battle of Algiers
(1966)",(1966),Not Rated,121 min,"Drama, War",8.1,"96        
        Metascore","In the 1950s, fear and violence escalate as the people of Algiers fight for independence from the French government.","Votes:
61,777
| Gross:
$0.06M
| Top 250:
#231",Gillo Pontecorvo,"['Brahim Hadjadj', 'Jean Martin']"
38,"244.
Mr. Smith Goes to Washington
(1939)",(1939),Passed,129 min,"Comedy, Drama",8.1,"73        
        Metascore","A naive youth leader is appointed to fill a vacancy in the U.S. Senate. His idealistic plans promptly collide with corruption at home and subterfuge from his hero in Washington, but he tries to forge ahead despite attacks on his character.","Votes:
116,920
| Gross:
$9.60M
| Top 250:
#197",Frank Capra,"['James Stewart', 'Jean Arthur']"
39,"246.
The Incredibles
(2004)",(2004),PG,115 min,"Animation, Action, Adventure",8.0,"90        
        Metascore","While trying to lead a quiet suburban life, a family of undercover superheroes are forced into action to save the world.","Votes:
751,991
| Gross:
$261.44M
| Top 250:
#227",Brad Bird,"['Craig T. Nelson', 'Samuel L. Jackson']"
40,"247.
Dances with Wolves
(1990)",(1990),PG-13,181 min,"Adventure, Drama, Western",8.0,"72        
        Metascore","Lieutenant John Dunbar, assigned to a remote western Civil War outpost, befriends wolves and Native Americans, making him an intolerable aberration in the military.","Votes:
272,912
| Gross:
$184.21M
| Top 250:
#249",Kevin Costner,"['Kevin Costner', 'Mary McDonnell']"
41,"248.
Aladdin
(1992)",(1992),G,90 min,"Animation, Adventure, Comedy",8.0,"86        
        Metascore",A kindhearted street urchin and a power-hungry Grand Vizier vie for a magic lamp that has the power to make their deepest wishes come true.,"Votes:
430,437
| Gross:
$217.35M
| Top 250:
#248",Ron Clements,"['John Musker', 'Scott Weinger']"
42,"249.
Gandhi
(1982)",(1982),PG,191 min,"Biography, Drama, History",8.0,"79        
        Metascore",The life of the lawyer who became the famed leader of the Indian revolts against the British rule through his philosophy of nonviolent protest.,"Votes:
235,237
| Gross:
$52.77M
| Top 250:
#250",Richard Attenborough,"['Ben Kingsley', 'John Gielgud']"
43,"250.
Life of Brian
(1979)",(1979),R,94 min,Comedy,8.0,"77        
        Metascore","Born on the original Christmas in the stable next door to Jesus Christ, Brian of Nazareth spends his life being mistaken for a messiah.","Votes:
405,635
| Gross:
$20.05M
| Top 250:
#244",Jesus Christ,"['Terry Jones', 'Graham Chapman']"
